<?xml version="1.0" encoding="UTF-8"?>  
<beans  
    xmlns="http://www.springframework.org/schema/beans"  
    xmlns:xsi="http://www.w3.org/2001/XMLSchema-instance"  
    xmlns:p="http://www.springframework.org/schema/p"  
    xsi:schemaLocation="http://www.springframework.org/schema/beans  
       http://www.springframework.org/schema/beans/spring-beans-3.0.xsd">  
  
<bean id="e" class="Customer">  
<constructor-arg value="101" type="int"></constructor-arg> 
<constructor-arg value="Divyanshu"></constructor-arg> 
<constructor-arg value="HDFC"></constructor-arg> 
<constructor-arg value="Saving"></constructor-arg> 
</bean>  

<bean id="f" class="Bank">  
<constructor-arg value="10001" ></constructor-arg> 
<constructor-arg value="Chennai"></constructor-arg> 
<constructor-arg value="10001"></constructor-arg> 

</bean>  

<bean id="g" class="Department">  

<constructor-arg value="XYZ"></constructor-arg> 
<constructor-arg value="Chennai"></constructor-arg> 
<constructor-arg value="ABC"></constructor-arg> 

</bean>  
  
</beans> 